subsystem,title,raw_path,url,chunk_url
Commercial Vehicle,Add Ons,/Commercial_Vehicles/Add_Ons.htm,https://supportcentre.opengi.co.uk/mobiusguides/Subsystems/Commercial/Commercial_Vehicles/Add_Ons.htm,https://supportcentre.opengi.co.uk/mobiusguides/Subsystems/Commercial/Data/Tocs/HTML_Commercial_Vehicle_TOC_Chunk0.js
Commercial Vehicle,Claims Summary,/Commercial_Vehicles/Claims_Summary.htm,https://supportcentre.opengi.co.uk/mobiusguides/Subsystems/Commercial/Commercial_Vehicles/Claims_Summary.htm,https://supportcentre.opengi.co.uk/mobiusguides/Subsystems/Commercial/Data/Tocs/HTML_Commercial_Vehicle_TOC_Chunk0.js
Commercial Vehicle,1: Commercial Vehicle Insurance,/Commercial_Vehicles/Commercial_Vehicle_Insurance.htm,https://supportcentre.opengi.co.uk/mobiusguides/Subsystems/Commercial/Commercial_Vehicles/Commercial_Vehicle_Insurance.htm,https://supportcentre.opengi.co.uk/mobiusguides/Subsystems/Commercial/Data/Tocs/HTML_Commercial_Vehicle_TOC_Chunk0.js
Commercial Vehicle,Commerial Vehicle,/Commercial_Vehicles/Contents.htm,https://supportcentre.opengi.co.uk/mobiusguides/Subsystems/Commercial/Commercial_Vehicles/Contents.htm,https://supportcentre.opengi.co.uk/mobiusguides/Subsystems/Commercial/Data/Tocs/HTML_Commercial_Vehicle_TOC_Chunk0.js
Commercial Vehicle,Conviction Details,/Commercial_Vehicles/Conviction_Details.htm,https://supportcentre.opengi.co.uk/mobiusguides/Subsystems/Commercial/Commercial_Vehicles/Conviction_Details.htm,https://supportcentre.opengi.co.uk/mobiusguides/Subsystems/Commercial/Data/Tocs/HTML_Commercial_Vehicle_TOC_Chunk0.js
Commercial Vehicle,Conviction Summary,/Commercial_Vehicles/Conviction_Summary.htm,https://supportcentre.opengi.co.uk/mobiusguides/Subsystems/Commercial/Commercial_Vehicles/Conviction_Summary.htm,https://supportcentre.opengi.co.uk/mobiusguides/Subsystems/Commercial/Data/Tocs/HTML_Commercial_Vehicle_TOC_Chunk0.js
Commercial Vehicle,Driver Information,/Commercial_Vehicles/Driver.htm,https://supportcentre.opengi.co.uk/mobiusguides/Subsystems/Commercial/Commercial_Vehicles/Driver.htm,https://supportcentre.opengi.co.uk/mobiusguides/Subsystems/Commercial/Data/Tocs/HTML_Commercial_Vehicle_TOC_Chunk0.js
Commercial Vehicle,2: Driver Options Screen,/Commercial_Vehicles/Driver_Options.htm,https://supportcentre.opengi.co.uk/mobiusguides/Subsystems/Commercial/Commercial_Vehicles/Driver_Options.htm,https://supportcentre.opengi.co.uk/mobiusguides/Subsystems/Commercial/Data/Tocs/HTML_Commercial_Vehicle_TOC_Chunk0.js
Commercial Vehicle,Drivers,/Commercial_Vehicles/Drivers.htm,https://supportcentre.opengi.co.uk/mobiusguides/Subsystems/Commercial/Commercial_Vehicles/Drivers.htm,https://supportcentre.opengi.co.uk/mobiusguides/Subsystems/Commercial/Data/Tocs/HTML_Commercial_Vehicle_TOC_Chunk0.js
Commercial Vehicle,Health Conditions,/Commercial_Vehicles/Health_Conditions.htm,https://supportcentre.opengi.co.uk/mobiusguides/Subsystems/Commercial/Commercial_Vehicles/Health_Conditions.htm,https://supportcentre.opengi.co.uk/mobiusguides/Subsystems/Commercial/Data/Tocs/HTML_Commercial_Vehicle_TOC_Chunk0.js
Commercial Vehicle,4: Summary Screen,/Commercial_Vehicles/Main_Summary.htm,https://supportcentre.opengi.co.uk/mobiusguides/Subsystems/Commercial/Commercial_Vehicles/Main_Summary.htm,https://supportcentre.opengi.co.uk/mobiusguides/Subsystems/Commercial/Data/Tocs/HTML_Commercial_Vehicle_TOC_Chunk0.js
Commercial Vehicle,Medical Conditions,/Commercial_Vehicles/Medical_Conditions.htm,https://supportcentre.opengi.co.uk/mobiusguides/Subsystems/Commercial/Commercial_Vehicles/Medical_Conditions.htm,https://supportcentre.opengi.co.uk/mobiusguides/Subsystems/Commercial/Data/Tocs/HTML_Commercial_Vehicle_TOC_Chunk0.js
Commercial Vehicle,Modification Details,/Commercial_Vehicles/Modification_Details.htm,https://supportcentre.opengi.co.uk/mobiusguides/Subsystems/Commercial/Commercial_Vehicles/Modification_Details.htm,https://supportcentre.opengi.co.uk/mobiusguides/Subsystems/Commercial/Data/Tocs/HTML_Commercial_Vehicle_TOC_Chunk0.js
Commercial Vehicle,Modifications,/Commercial_Vehicles/Modifications.htm,https://supportcentre.opengi.co.uk/mobiusguides/Subsystems/Commercial/Commercial_Vehicles/Modifications.htm,https://supportcentre.opengi.co.uk/mobiusguides/Subsystems/Commercial/Data/Tocs/HTML_Commercial_Vehicle_TOC_Chunk0.js
Commercial Vehicle,Motor Claim,/Commercial_Vehicles/Motor_Claim.htm,https://supportcentre.opengi.co.uk/mobiusguides/Subsystems/Commercial/Commercial_Vehicles/Motor_Claim.htm,https://supportcentre.opengi.co.uk/mobiusguides/Subsystems/Commercial/Data/Tocs/HTML_Commercial_Vehicle_TOC_Chunk0.js
Commercial Vehicle,Motoring Qualification Details,/Commercial_Vehicles/Motoring_Qualification_Details.htm,https://supportcentre.opengi.co.uk/mobiusguides/Subsystems/Commercial/Commercial_Vehicles/Motoring_Qualification_Details.htm,https://supportcentre.opengi.co.uk/mobiusguides/Subsystems/Commercial/Data/Tocs/HTML_Commercial_Vehicle_TOC_Chunk0.js
Commercial Vehicle,Occupation,/Commercial_Vehicles/Occupation.htm,https://supportcentre.opengi.co.uk/mobiusguides/Subsystems/Commercial/Commercial_Vehicles/Occupation.htm,https://supportcentre.opengi.co.uk/mobiusguides/Subsystems/Commercial/Data/Tocs/HTML_Commercial_Vehicle_TOC_Chunk0.js
Commercial Vehicle,5: Post Quote Details Screen,/Commercial_Vehicles/Post_Quote_Details.htm,https://supportcentre.opengi.co.uk/mobiusguides/Subsystems/Commercial/Commercial_Vehicles/Post_Quote_Details.htm,https://supportcentre.opengi.co.uk/mobiusguides/Subsystems/Commercial/Data/Tocs/HTML_Commercial_Vehicle_TOC_Chunk0.js
Commercial Vehicle,Qualifications,/Commercial_Vehicles/Qualifications.htm,https://supportcentre.opengi.co.uk/mobiusguides/Subsystems/Commercial/Commercial_Vehicles/Qualifications.htm,https://supportcentre.opengi.co.uk/mobiusguides/Subsystems/Commercial/Data/Tocs/HTML_Commercial_Vehicle_TOC_Chunk0.js
Commercial Vehicle,Security Details,/Commercial_Vehicles/Security_Details.htm,https://supportcentre.opengi.co.uk/mobiusguides/Subsystems/Commercial/Commercial_Vehicles/Security_Details.htm,https://supportcentre.opengi.co.uk/mobiusguides/Subsystems/Commercial/Data/Tocs/HTML_Commercial_Vehicle_TOC_Chunk0.js
Commercial Vehicle,Vehicle Cover,/Commercial_Vehicles/Vehicle_Cover.htm,https://supportcentre.opengi.co.uk/mobiusguides/Subsystems/Commercial/Commercial_Vehicles/Vehicle_Cover.htm,https://supportcentre.opengi.co.uk/mobiusguides/Subsystems/Commercial/Data/Tocs/HTML_Commercial_Vehicle_TOC_Chunk0.js
Commercial Vehicle,3: Vehicle Information Screen,/Commercial_Vehicles/Vehicle_Details.htm,https://supportcentre.opengi.co.uk/mobiusguides/Subsystems/Commercial/Commercial_Vehicles/Vehicle_Details.htm,https://supportcentre.opengi.co.uk/mobiusguides/Subsystems/Commercial/Data/Tocs/HTML_Commercial_Vehicle_TOC_Chunk0.js
Commercial Vehicle,Vehicle Search Results,/Commercial_Vehicles/Vehicle_Search_Results.htm,https://supportcentre.opengi.co.uk/mobiusguides/Subsystems/Commercial/Commercial_Vehicles/Vehicle_Search_Results.htm,https://supportcentre.opengi.co.uk/mobiusguides/Subsystems/Commercial/Data/Tocs/HTML_Commercial_Vehicle_TOC_Chunk0.js
Commercial Vehicle,Vehicles,/Commercial_Vehicles/Vehicle_Summary_screen.htm,https://supportcentre.opengi.co.uk/mobiusguides/Subsystems/Commercial/Commercial_Vehicles/Vehicle_Summary_screen.htm,https://supportcentre.opengi.co.uk/mobiusguides/Subsystems/Commercial/Data/Tocs/HTML_Commercial_Vehicle_TOC_Chunk0.js
Mobius Claims,Mobius Claims,/Contents.htm,https://supportcentre.opengi.co.uk/mobiusguides/Subsystems/Mobius_Claims/Contents.htm,https://supportcentre.opengi.co.uk/mobiusguides/Subsystems/Mobius_Claims/Data/Tocs/Mobius_Claims_TOC_Chunk0.js
Mobius Claims,1: Introduction and Getting Started,/MC/Introduction.htm,https://supportcentre.opengi.co.uk/mobiusguides/Subsystems/Mobius_Claims/MC/Introduction.htm,https://supportcentre.opengi.co.uk/mobiusguides/Subsystems/Mobius_Claims/Data/Tocs/Mobius_Claims_TOC_Chunk0.js
Mobius Claims,About,/MC/TCC_-_About.htm,https://supportcentre.opengi.co.uk/mobiusguides/Subsystems/Mobius_Claims/MC/TCC_-_About.htm,https://supportcentre.opengi.co.uk/mobiusguides/Subsystems/Mobius_Claims/Data/Tocs/Mobius_Claims_TOC_Chunk0.js
Mobius Claims,Accessing Your Profile,/MC/TCC_-_Accessing_Your_Profile.htm,https://supportcentre.opengi.co.uk/mobiusguides/Subsystems/Mobius_Claims/MC/TCC_-_Accessing_Your_Profile.htm,https://supportcentre.opengi.co.uk/mobiusguides/Subsystems/Mobius_Claims/Data/Tocs/Mobius_Claims_TOC_Chunk0.js
Mobius Claims,Add Diary Entry Page,/MC/TCC_-_Add_Diary_Entry_Page.htm,https://supportcentre.opengi.co.uk/mobiusguides/Subsystems/Mobius_Claims/MC/TCC_-_Add_Diary_Entry_Page.htm,https://supportcentre.opengi.co.uk/mobiusguides/Subsystems/Mobius_Claims/Data/Tocs/Mobius_Claims_TOC_Chunk0.js
Mobius Claims,Admin Panel,/MC/TCC_-_Admin_Panel.htm,https://supportcentre.opengi.co.uk/mobiusguides/Subsystems/Mobius_Claims/MC/TCC_-_Admin_Panel.htm,https://supportcentre.opengi.co.uk/mobiusguides/Subsystems/Mobius_Claims/Data/Tocs/Mobius_Claims_TOC_Chunk0.js
Mobius Claims,3: The Administration Page,/MC/TCC_-_Administration_Page.htm,https://supportcentre.opengi.co.uk/mobiusguides/Subsystems/Mobius_Claims/MC/TCC_-_Administration_Page.htm,https://supportcentre.opengi.co.uk/mobiusguides/Subsystems/Mobius_Claims/Data/Tocs/Mobius_Claims_TOC_Chunk0.js
Mobius Claims,The Agent Maintenance Page,/MC/TCC_-_Agent_Configuration_Page.htm,https://supportcentre.opengi.co.uk/mobiusguides/Subsystems/Mobius_Claims/MC/TCC_-_Agent_Configuration_Page.htm,https://supportcentre.opengi.co.uk/mobiusguides/Subsystems/Mobius_Claims/Data/Tocs/Mobius_Claims_TOC_Chunk0.js
Mobius Claims,The Authority Payment Groups Page,/MC/TCC_-_Authority_Payment_Groups_Page.htm,https://supportcentre.opengi.co.uk/mobiusguides/Subsystems/Mobius_Claims/MC/TCC_-_Authority_Payment_Groups_Page.htm,https://supportcentre.opengi.co.uk/mobiusguides/Subsystems/Mobius_Claims/Data/Tocs/Mobius_Claims_TOC_Chunk0.js
Mobius Claims,The Authority Reserve Groups Page,/MC/TCC_-_Authority_Reserve_Groups_Page.htm,https://supportcentre.opengi.co.uk/mobiusguides/Subsystems/Mobius_Claims/MC/TCC_-_Authority_Reserve_Groups_Page.htm,https://supportcentre.opengi.co.uk/mobiusguides/Subsystems/Mobius_Claims/Data/Tocs/Mobius_Claims_TOC_Chunk0.js
Mobius Claims,The Classes of Business Page,/MC/TCC_-_Available_Data_Captures_Page.htm,https://supportcentre.opengi.co.uk/mobiusguides/Subsystems/Mobius_Claims/MC/TCC_-_Available_Data_Captures_Page.htm,https://supportcentre.opengi.co.uk/mobiusguides/Subsystems/Mobius_Claims/Data/Tocs/Mobius_Claims_TOC_Chunk0.js
Mobius Claims,Changing Your Password,/MC/TCC_-_Changing_Your_Password.htm,https://supportcentre.opengi.co.uk/mobiusguides/Subsystems/Mobius_Claims/MC/TCC_-_Changing_Your_Password.htm,https://supportcentre.opengi.co.uk/mobiusguides/Subsystems/Mobius_Claims/Data/Tocs/Mobius_Claims_TOC_Chunk0.js
Mobius Claims,The Claims Details Page,/MC/TCC_-_Claims_Details_page.htm,https://supportcentre.opengi.co.uk/mobiusguides/Subsystems/Mobius_Claims/MC/TCC_-_Claims_Details_page.htm,https://supportcentre.opengi.co.uk/mobiusguides/Subsystems/Mobius_Claims/Data/Tocs/Mobius_Claims_TOC_Chunk0.js
Mobius Claims,The Close / Reopen Tab,/MC/TCC_-_Close_Tab.htm,https://supportcentre.opengi.co.uk/mobiusguides/Subsystems/Mobius_Claims/MC/TCC_-_Close_Tab.htm,https://supportcentre.opengi.co.uk/mobiusguides/Subsystems/Mobius_Claims/Data/Tocs/Mobius_Claims_TOC_Chunk0.js
Mobius Claims,4: The Configuration Page,/MC/TCC_-_Configuration_Page.htm,https://supportcentre.opengi.co.uk/mobiusguides/Subsystems/Mobius_Claims/MC/TCC_-_Configuration_Page.htm,https://supportcentre.opengi.co.uk/mobiusguides/Subsystems/Mobius_Claims/Data/Tocs/Mobius_Claims_TOC_Chunk0.js
Mobius Claims,Creating a Claim,/MC/TCC_-_Creating_a_Claim.htm,https://supportcentre.opengi.co.uk/mobiusguides/Subsystems/Mobius_Claims/MC/TCC_-_Creating_a_Claim.htm,https://supportcentre.opengi.co.uk/mobiusguides/Subsystems/Mobius_Claims/Data/Tocs/Mobius_Claims_TOC_Chunk0.js
Mobius Claims,2: Using Mobius Claims,/MC/TCC_-_Dashboard_Page.htm,https://supportcentre.opengi.co.uk/mobiusguides/Subsystems/Mobius_Claims/MC/TCC_-_Dashboard_Page.htm,https://supportcentre.opengi.co.uk/mobiusguides/Subsystems/Mobius_Claims/Data/Tocs/Mobius_Claims_TOC_Chunk0.js
Mobius Claims,The Declarations Page,/MC/TCC_-_Declarations_Page.htm,https://supportcentre.opengi.co.uk/mobiusguides/Subsystems/Mobius_Claims/MC/TCC_-_Declarations_Page.htm,https://supportcentre.opengi.co.uk/mobiusguides/Subsystems/Mobius_Claims/Data/Tocs/Mobius_Claims_TOC_Chunk0.js
Mobius Claims,The Diary Page,/MC/TCC_-_Diary_Search_Page.htm,https://supportcentre.opengi.co.uk/mobiusguides/Subsystems/Mobius_Claims/MC/TCC_-_Diary_Search_Page.htm,https://supportcentre.opengi.co.uk/mobiusguides/Subsystems/Mobius_Claims/Data/Tocs/Mobius_Claims_TOC_Chunk0.js
Mobius Claims,The Documents Page,/MC/TCC_-_Document_Configuration_Page.htm,https://supportcentre.opengi.co.uk/mobiusguides/Subsystems/Mobius_Claims/MC/TCC_-_Document_Configuration_Page.htm,https://supportcentre.opengi.co.uk/mobiusguides/Subsystems/Mobius_Claims/Data/Tocs/Mobius_Claims_TOC_Chunk0.js
Mobius Claims,The Export History Exceptions Page,/MC/TCC_-_Export_History_Exceptions_Page.htm,https://supportcentre.opengi.co.uk/mobiusguides/Subsystems/Mobius_Claims/MC/TCC_-_Export_History_Exceptions_Page.htm,https://supportcentre.opengi.co.uk/mobiusguides/Subsystems/Mobius_Claims/Data/Tocs/Mobius_Claims_TOC_Chunk0.js
Mobius Claims,The FNOL Tab,/MC/TCC_-_FNOL_Tab.htm,https://supportcentre.opengi.co.uk/mobiusguides/Subsystems/Mobius_Claims/MC/TCC_-_FNOL_Tab.htm,https://supportcentre.opengi.co.uk/mobiusguides/Subsystems/Mobius_Claims/Data/Tocs/Mobius_Claims_TOC_Chunk0.js
Mobius Claims,The Financials Tab,/MC/TCC_-_Financials_Tab.htm,https://supportcentre.opengi.co.uk/mobiusguides/Subsystems/Mobius_Claims/MC/TCC_-_Financials_Tab.htm,https://supportcentre.opengi.co.uk/mobiusguides/Subsystems/Mobius_Claims/Data/Tocs/Mobius_Claims_TOC_Chunk0.js
Mobius Claims,The GDPR Tab,/MC/TCC_-_GDPR_Tab.htm,https://supportcentre.opengi.co.uk/mobiusguides/Subsystems/Mobius_Claims/MC/TCC_-_GDPR_Tab.htm,https://supportcentre.opengi.co.uk/mobiusguides/Subsystems/Mobius_Claims/Data/Tocs/Mobius_Claims_TOC_Chunk0.js
Mobius Claims,The Import History Exceptions Page,/MC/TCC_-_Import_History_Exceptions_Page.htm,https://supportcentre.opengi.co.uk/mobiusguides/Subsystems/Mobius_Claims/MC/TCC_-_Import_History_Exceptions_Page.htm,https://supportcentre.opengi.co.uk/mobiusguides/Subsystems/Mobius_Claims/Data/Tocs/Mobius_Claims_TOC_Chunk0.js
Mobius Claims,The Liability Tab,/MC/TCC_-_Incident_Actions_-_Liability_Tab.htm,https://supportcentre.opengi.co.uk/mobiusguides/Subsystems/Mobius_Claims/MC/TCC_-_Incident_Actions_-_Liability_Tab.htm,https://supportcentre.opengi.co.uk/mobiusguides/Subsystems/Mobius_Claims/Data/Tocs/Mobius_Claims_TOC_Chunk0.js
Mobius Claims,The More Option,/MC/TCC_-_Incident_Actions_-_The_More_option.htm,https://supportcentre.opengi.co.uk/mobiusguides/Subsystems/Mobius_Claims/MC/TCC_-_Incident_Actions_-_The_More_option.htm,https://supportcentre.opengi.co.uk/mobiusguides/Subsystems/Mobius_Claims/Data/Tocs/Mobius_Claims_TOC_Chunk0.js
Mobius Claims,The Correspondence Tab,/MC/TCC_-_Incident_Actions_Correspondence_Tab.htm,https://supportcentre.opengi.co.uk/mobiusguides/Subsystems/Mobius_Claims/MC/TCC_-_Incident_Actions_Correspondence_Tab.htm,https://supportcentre.opengi.co.uk/mobiusguides/Subsystems/Mobius_Claims/Data/Tocs/Mobius_Claims_TOC_Chunk0.js
Mobius Claims,The Configurable Lists Page,/MC/TCC_-_List_Configuration_Page.htm,https://supportcentre.opengi.co.uk/mobiusguides/Subsystems/Mobius_Claims/MC/TCC_-_List_Configuration_Page.htm,https://supportcentre.opengi.co.uk/mobiusguides/Subsystems/Mobius_Claims/Data/Tocs/Mobius_Claims_TOC_Chunk0.js
Mobius Claims,Logging in to Mobius Claims,/MC/TCC_-_Logging_in_to_TCC.htm,https://supportcentre.opengi.co.uk/mobiusguides/Subsystems/Mobius_Claims/MC/TCC_-_Logging_in_to_TCC.htm,https://supportcentre.opengi.co.uk/mobiusguides/Subsystems/Mobius_Claims/Data/Tocs/Mobius_Claims_TOC_Chunk0.js
Mobius Claims,Logging Out of Mobius Claims,/MC/TCC_-_Loging_out.htm,https://supportcentre.opengi.co.uk/mobiusguides/Subsystems/Mobius_Claims/MC/TCC_-_Loging_out.htm,https://supportcentre.opengi.co.uk/mobiusguides/Subsystems/Mobius_Claims/Data/Tocs/Mobius_Claims_TOC_Chunk0.js
Mobius Claims,The MIAFTR Configuration Page,/MC/TCC_-_MIAFTR_Configuration_Page.htm,https://supportcentre.opengi.co.uk/mobiusguides/Subsystems/Mobius_Claims/MC/TCC_-_MIAFTR_Configuration_Page.htm,https://supportcentre.opengi.co.uk/mobiusguides/Subsystems/Mobius_Claims/Data/Tocs/Mobius_Claims_TOC_Chunk0.js
Mobius Claims,The Diary Types Page,/MC/TCC_-_Manage_Diary_Types_Page.htm,https://supportcentre.opengi.co.uk/mobiusguides/Subsystems/Mobius_Claims/MC/TCC_-_Manage_Diary_Types_Page.htm,https://supportcentre.opengi.co.uk/mobiusguides/Subsystems/Mobius_Claims/Data/Tocs/Mobius_Claims_TOC_Chunk0.js
Mobius Claims,The Workgroups Page,/MC/TCC_-_Manage_Workgroups_Page.htm,https://supportcentre.opengi.co.uk/mobiusguides/Subsystems/Mobius_Claims/MC/TCC_-_Manage_Workgroups_Page.htm,https://supportcentre.opengi.co.uk/mobiusguides/Subsystems/Mobius_Claims/Data/Tocs/Mobius_Claims_TOC_Chunk0.js
Mobius Claims,Changing to an Active Directory login,/MC/TCC_-_Moving_to_AD_login.htm,https://supportcentre.opengi.co.uk/mobiusguides/Subsystems/Mobius_Claims/MC/TCC_-_Moving_to_AD_login.htm,https://supportcentre.opengi.co.uk/mobiusguides/Subsystems/Mobius_Claims/Data/Tocs/Mobius_Claims_TOC_Chunk0.js
Mobius Claims,The Parameters Page,/MC/TCC_-_Parameter_Configuration_Page.htm,https://supportcentre.opengi.co.uk/mobiusguides/Subsystems/Mobius_Claims/MC/TCC_-_Parameter_Configuration_Page.htm,https://supportcentre.opengi.co.uk/mobiusguides/Subsystems/Mobius_Claims/Data/Tocs/Mobius_Claims_TOC_Chunk0.js
Mobius Claims,The Payment Authorization Levels Page,/MC/TCC_-_Payment_Authorization_Levels_Page.htm,https://supportcentre.opengi.co.uk/mobiusguides/Subsystems/Mobius_Claims/MC/TCC_-_Payment_Authorization_Levels_Page.htm,https://supportcentre.opengi.co.uk/mobiusguides/Subsystems/Mobius_Claims/Data/Tocs/Mobius_Claims_TOC_Chunk0.js
Mobius Claims,The Payments Page,/MC/TCC_-_Payments_page.htm,https://supportcentre.opengi.co.uk/mobiusguides/Subsystems/Mobius_Claims/MC/TCC_-_Payments_page.htm,https://supportcentre.opengi.co.uk/mobiusguides/Subsystems/Mobius_Claims/Data/Tocs/Mobius_Claims_TOC_Chunk0.js
Mobius Claims,The Permission Groups Page,/MC/TCC_-_Permission_Group_Configuration_Page.htm,https://supportcentre.opengi.co.uk/mobiusguides/Subsystems/Mobius_Claims/MC/TCC_-_Permission_Group_Configuration_Page.htm,https://supportcentre.opengi.co.uk/mobiusguides/Subsystems/Mobius_Claims/Data/Tocs/Mobius_Claims_TOC_Chunk0.js
Mobius Claims,The Policy View Page,/MC/TCC_-_Policy_View_page.htm,https://supportcentre.opengi.co.uk/mobiusguides/Subsystems/Mobius_Claims/MC/TCC_-_Policy_View_page.htm,https://supportcentre.opengi.co.uk/mobiusguides/Subsystems/Mobius_Claims/Data/Tocs/Mobius_Claims_TOC_Chunk0.js
Mobius Claims,The Print Histories Page,/MC/TCC_-_Print_History_Page.htm,https://supportcentre.opengi.co.uk/mobiusguides/Subsystems/Mobius_Claims/MC/TCC_-_Print_History_Page.htm,https://supportcentre.opengi.co.uk/mobiusguides/Subsystems/Mobius_Claims/Data/Tocs/Mobius_Claims_TOC_Chunk0.js
Mobius Claims,The Locked Records Page,/MC/TCC_-_Records_Locked_Page.htm,https://supportcentre.opengi.co.uk/mobiusguides/Subsystems/Mobius_Claims/MC/TCC_-_Records_Locked_Page.htm,https://supportcentre.opengi.co.uk/mobiusguides/Subsystems/Mobius_Claims/Data/Tocs/Mobius_Claims_TOC_Chunk0.js
Mobius Claims,The Search Page,/MC/TCC_-_Search_Page_Policy.htm,https://supportcentre.opengi.co.uk/mobiusguides/Subsystems/Mobius_Claims/MC/TCC_-_Search_Page_Policy.htm,https://supportcentre.opengi.co.uk/mobiusguides/Subsystems/Mobius_Claims/Data/Tocs/Mobius_Claims_TOC_Chunk0.js
Mobius Claims,The Reserve Sections Page,/MC/TCC_-_Section_Configuration_Page.htm,https://supportcentre.opengi.co.uk/mobiusguides/Subsystems/Mobius_Claims/MC/TCC_-_Section_Configuration_Page.htm,https://supportcentre.opengi.co.uk/mobiusguides/Subsystems/Mobius_Claims/Data/Tocs/Mobius_Claims_TOC_Chunk0.js
Mobius Claims,The Summary Page,/MC/TCC_-_Summary_page.htm,https://supportcentre.opengi.co.uk/mobiusguides/Subsystems/Mobius_Claims/MC/TCC_-_Summary_page.htm,https://supportcentre.opengi.co.uk/mobiusguides/Subsystems/Mobius_Claims/Data/Tocs/Mobius_Claims_TOC_Chunk0.js
Mobius Claims,The Supplier Maintenance Page,/MC/TCC_-_Supplier_Maintenance_Page.htm,https://supportcentre.opengi.co.uk/mobiusguides/Subsystems/Mobius_Claims/MC/TCC_-_Supplier_Maintenance_Page.htm,https://supportcentre.opengi.co.uk/mobiusguides/Subsystems/Mobius_Claims/Data/Tocs/Mobius_Claims_TOC_Chunk0.js
Mobius Claims,The Suppliers Tab,/MC/TCC_-_Suppliers_Tab.htm,https://supportcentre.opengi.co.uk/mobiusguides/Subsystems/Mobius_Claims/MC/TCC_-_Suppliers_Tab.htm,https://supportcentre.opengi.co.uk/mobiusguides/Subsystems/Mobius_Claims/Data/Tocs/Mobius_Claims_TOC_Chunk0.js
Mobius Claims,The System Status Page,/MC/TCC_-_System_Status_Page.htm,https://supportcentre.opengi.co.uk/mobiusguides/Subsystems/Mobius_Claims/MC/TCC_-_System_Status_Page.htm,https://supportcentre.opengi.co.uk/mobiusguides/Subsystems/Mobius_Claims/Data/Tocs/Mobius_Claims_TOC_Chunk0.js
Mobius Claims,The Follow Function,/MC/TCC_-_The_Follow_Function.htm,https://supportcentre.opengi.co.uk/mobiusguides/Subsystems/Mobius_Claims/MC/TCC_-_The_Follow_Function.htm,https://supportcentre.opengi.co.uk/mobiusguides/Subsystems/Mobius_Claims/Data/Tocs/Mobius_Claims_TOC_Chunk0.js
Mobius Claims,The Top Navigation Bar,/MC/TCC_-_Top_Navigation_Bar.htm,https://supportcentre.opengi.co.uk/mobiusguides/Subsystems/Mobius_Claims/MC/TCC_-_Top_Navigation_Bar.htm,https://supportcentre.opengi.co.uk/mobiusguides/Subsystems/Mobius_Claims/Data/Tocs/Mobius_Claims_TOC_Chunk0.js
Mobius Claims,Using Active Directory Login,/MC/TCC_-_Using_AD_login.htm,https://supportcentre.opengi.co.uk/mobiusguides/Subsystems/Mobius_Claims/MC/TCC_-_Using_AD_login.htm,https://supportcentre.opengi.co.uk/mobiusguides/Subsystems/Mobius_Claims/Data/Tocs/Mobius_Claims_TOC_Chunk0.js
Mobius Claims,Using Mobius Claims Login,/MC/TCC_-_Using_TCC_login.htm,https://supportcentre.opengi.co.uk/mobiusguides/Subsystems/Mobius_Claims/MC/TCC_-_Using_TCC_login.htm,https://supportcentre.opengi.co.uk/mobiusguides/Subsystems/Mobius_Claims/Data/Tocs/Mobius_Claims_TOC_Chunk0.js
Mobius Claims,Using the Date Picker,/MC/TCC_-_Using_the_Date_Picker.htm,https://supportcentre.opengi.co.uk/mobiusguides/Subsystems/Mobius_Claims/MC/TCC_-_Using_the_Date_Picker.htm,https://supportcentre.opengi.co.uk/mobiusguides/Subsystems/Mobius_Claims/Data/Tocs/Mobius_Claims_TOC_Chunk0.js
Mobius Claims,View Diary Entry Page,/MC/TCC_-_View_Diary_Entry_Page.htm,https://supportcentre.opengi.co.uk/mobiusguides/Subsystems/Mobius_Claims/MC/TCC_-_View_Diary_Entry_Page.htm,https://supportcentre.opengi.co.uk/mobiusguides/Subsystems/Mobius_Claims/Data/Tocs/Mobius_Claims_TOC_Chunk0.js
Mobius Claims,The Workflow Page,/MC/TCC_-_Workflow_Categories_Page.htm,https://supportcentre.opengi.co.uk/mobiusguides/Subsystems/Mobius_Claims/MC/TCC_-_Workflow_Categories_Page.htm,https://supportcentre.opengi.co.uk/mobiusguides/Subsystems/Mobius_Claims/Data/Tocs/Mobius_Claims_TOC_Chunk0.js
Mobius Claims,The Recent Claims Page,/MC/TTC_-_Recent_Claims_Column_Configuration_Page.htm,https://supportcentre.opengi.co.uk/mobiusguides/Subsystems/Mobius_Claims/MC/TTC_-_Recent_Claims_Column_Configuration_Page.htm,https://supportcentre.opengi.co.uk/mobiusguides/Subsystems/Mobius_Claims/Data/Tocs/Mobius_Claims_TOC_Chunk0.js
